epoch,train_loss,train_pixel,train_edge,val_loss,val_psnr,val_ssim,lr
1,0.042742,0.032145,0.105966,0.036647,29.0650,0.746192,1.00e-04
2,0.033112,0.023715,0.093968,0.036092,29.2568,0.753302,1.00e-04
3,0.032350,0.023123,0.092269,0.036980,28.9826,0.748446,1.00e-04
4,0.032301,0.023073,0.092276,0.035593,29.2694,0.745363,1.00e-04
5,0.032265,0.023077,0.091883,0.035346,29.3882,0.752932,1.00e-04
6,0.032017,0.022913,0.091039,0.035414,29.3471,0.753248,9.99e-05
7,0.031895,0.022813,0.090818,0.035108,29.4521,0.755748,9.99e-05
8,0.031837,0.022793,0.090438,0.034960,29.4581,0.754395,9.99e-05
9,0.031549,0.022644,0.089046,0.034960,29.4203,0.749387,9.98e-05
10,0.031583,0.022662,0.089213,0.034765,29.4999,0.755044,9.98e-05
11,0.031398,0.022570,0.088277,0.034772,29.4568,0.752714,9.97e-05
12,0.031366,0.022545,0.088213,0.034657,29.5173,0.755558,9.97e-05
13,0.031388,0.022576,0.088117,0.034511,29.5579,0.756056,9.96e-05
14,0.031335,0.022564,0.087706,0.034447,29.5623,0.756434,9.95e-05
15,0.031181,0.022453,0.087281,0.034430,29.5528,0.755282,9.95e-05
16,0.031237,0.022497,0.087395,0.034332,29.5618,0.756092,9.94e-05
17,0.031085,0.022408,0.086774,0.034289,29.6001,0.758391,9.93e-05
18,0.031116,0.022458,0.086575,0.034197,29.6145,0.758530,9.92e-05
19,0.031074,0.022409,0.086649,0.034202,29.6039,0.757708,9.91e-05
20,0.030959,0.022346,0.086124,0.034274,29.6276,0.760331,9.90e-05
21,0.030951,0.022342,0.086086,0.034088,29.6517,0.759569,9.89e-05
22,0.030948,0.022349,0.085987,0.034057,29.6198,0.757321,9.88e-05
23,0.030931,0.022335,0.085954,0.034117,29.6051,0.758636,9.87e-05
24,0.030828,0.022283,0.085453,0.033958,29.6553,0.759131,9.86e-05
25,0.030802,0.022264,0.085386,0.033943,29.6662,0.760433,9.84e-05
26,0.030829,0.022288,0.085414,0.033956,29.6587,0.758464,9.83e-05
27,0.030820,0.022276,0.085436,0.034611,29.4468,0.757946,9.82e-05
28,0.030781,0.022256,0.085250,0.033892,29.6380,0.758491,9.80e-05
29,0.030723,0.022222,0.085018,0.033860,29.6507,0.757988,9.79e-05
30,0.030727,0.022230,0.084965,0.033843,29.7014,0.760023,9.77e-05
31,0.030654,0.022191,0.084637,0.033806,29.7011,0.760750,9.76e-05
32,0.030680,0.022204,0.084759,0.033792,29.6802,0.758566,9.74e-05
33,0.030647,0.022189,0.084580,0.033812,29.6694,0.760091,9.72e-05
34,0.030629,0.022177,0.084520,0.033765,29.6909,0.759270,9.71e-05
35,0.030585,0.022147,0.084378,0.033739,29.6919,0.759491,9.69e-05
36,0.030627,0.022179,0.084482,0.033711,29.7259,0.761987,9.67e-05
37,0.030556,0.022139,0.084174,0.033731,29.6984,0.759914,9.65e-05
38,0.030619,0.022179,0.084403,0.033690,29.6861,0.758311,9.63e-05
39,0.030599,0.022152,0.084477,0.033641,29.6959,0.758666,9.61e-05
40,0.030507,0.022107,0.083998,0.033648,29.6855,0.759262,9.59e-05
41,0.030420,0.022060,0.083597,0.033648,29.7335,0.762178,9.57e-05
42,0.030474,0.022089,0.083846,0.033618,29.6883,0.759973,9.55e-05
43,0.030565,0.022152,0.084129,0.033656,29.7134,0.763052,9.53e-05
44,0.030455,0.022076,0.083783,0.033627,29.7134,0.761380,9.51e-05
45,0.030519,0.022125,0.083943,0.033616,29.7150,0.761696,9.48e-05
46,0.030560,0.022141,0.084196,0.033640,29.7151,0.761315,9.46e-05
47,0.030448,0.022079,0.083688,0.033555,29.7291,0.760998,9.44e-05
48,0.030476,0.022092,0.083850,0.033562,29.7184,0.760551,9.41e-05
49,0.030433,0.022069,0.083639,0.033577,29.7205,0.760901,9.39e-05
50,0.030536,0.022134,0.084023,0.033554,29.7132,0.761573,9.36e-05
51,0.030394,0.022043,0.083516,0.033564,29.7472,0.762706,9.34e-05
52,0.030393,0.022056,0.083373,0.033573,29.6926,0.759702,9.31e-05
53,0.030398,0.022042,0.083554,0.033537,29.7450,0.762054,9.28e-05
54,0.030373,0.022035,0.083387,0.033504,29.7344,0.761980,9.26e-05
55,0.030367,0.022032,0.083346,0.033538,29.7574,0.763502,9.23e-05
56,0.030394,0.022056,0.083380,0.033584,29.7000,0.759448,9.20e-05
57,0.030331,0.022002,0.083289,0.033491,29.7112,0.760007,9.17e-05
58,0.030359,0.022028,0.083305,0.033490,29.7437,0.761305,9.14e-05
59,0.030425,0.022065,0.083607,0.033500,29.7227,0.759786,9.11e-05
60,0.030349,0.022023,0.083253,0.033473,29.7375,0.761578,9.08e-05
61,0.030277,0.021976,0.083010,0.033526,29.7354,0.761084,9.05e-05
62,0.030398,0.022061,0.083368,0.033504,29.7598,0.762845,9.02e-05
63,0.030365,0.022028,0.083374,0.033475,29.7671,0.763528,8.99e-05
64,0.030415,0.022070,0.083451,0.033558,29.7273,0.762163,8.96e-05
65,0.030330,0.022016,0.083142,0.033430,29.7372,0.761939,8.93e-05
66,0.030324,0.022010,0.083134,0.033462,29.7475,0.761199,8.90e-05
67,0.030277,0.021991,0.082854,0.033439,29.7590,0.761560,8.86e-05
68,0.030227,0.021944,0.082834,0.033445,29.7440,0.761333,8.83e-05
69,0.030365,0.022035,0.083296,0.033478,29.7259,0.761243,8.80e-05
70,0.030241,0.021963,0.082775,0.033485,29.7378,0.761307,8.76e-05
71,0.030330,0.022014,0.083164,0.033434,29.7344,0.761455,8.73e-05
72,0.030313,0.022007,0.083059,0.033428,29.7288,0.760447,8.69e-05
73,0.030290,0.021981,0.083089,0.033438,29.7601,0.761929,8.66e-05
74,0.030304,0.022001,0.083030,0.033413,29.7690,0.762441,8.62e-05
75,0.030342,0.022026,0.083164,0.033451,29.7485,0.761657,8.59e-05
76,0.030214,0.021940,0.082735,0.033414,29.7198,0.760256,8.55e-05
77,0.030210,0.021940,0.082700,0.033399,29.7354,0.760579,8.51e-05
78,0.030363,0.022032,0.083308,0.033400,29.7485,0.760717,8.48e-05
79,0.030267,0.021984,0.082832,0.033414,29.7523,0.761920,8.44e-05
80,0.030188,0.021924,0.082635,0.033407,29.7502,0.762055,8.40e-05
81,0.030268,0.021976,0.082920,0.033423,29.7130,0.761205,8.36e-05
82,0.030253,0.021974,0.082786,0.033895,29.6509,0.762944,8.32e-05
83,0.030224,0.021953,0.082715,0.033373,29.7465,0.762082,8.28e-05
84,0.030298,0.022003,0.082950,0.033398,29.7421,0.760755,8.25e-05
85,0.030233,0.021962,0.082712,0.033364,29.7612,0.762665,8.21e-05
86,0.030267,0.021975,0.082921,0.033376,29.7323,0.760051,8.17e-05
87,0.030291,0.021991,0.082997,0.033351,29.7634,0.762254,8.12e-05
88,0.030308,0.022004,0.083032,0.033381,29.7453,0.761883,8.08e-05
89,0.030296,0.022000,0.082954,0.033412,29.7187,0.760882,8.04e-05
90,0.030169,0.021918,0.082509,0.033369,29.7413,0.761200,8.00e-05
91,0.030249,0.021969,0.082801,0.033363,29.7619,0.762779,7.96e-05
92,0.030214,0.021943,0.082712,0.033384,29.7666,0.762223,7.92e-05
93,0.030201,0.021940,0.082609,0.033356,29.7455,0.761275,7.88e-05
94,0.030212,0.021945,0.082667,0.033354,29.7341,0.761290,7.83e-05
